Time(HH:MM:SS:sss),CV1,CV2,CV3,CV4,CV5,CV6,CV7,CV8,CV9,CV10,CV11,CV12,CV13,CV14,CV15,CV16,Cell_Diff,Module_Voltage(V),Current(A),Capacity(AH),Temp1,Temp2,Temp3,Temp_Diff
2:5:29:6310,03.276200,3.275800,3.278100,3.276600,3.276200,3.275000,3.276400,3.276700,3.275000,3.275400,3.275600,3.273900,3.275100,3.274700,3.275700,3.275600,0.004200,52.419998,0.000000,0.000000,28.017365,27.998428,28.055115,0.056686
2:5:30:0490,03.192400,3.189900,3.195700,3.191600,3.191700,3.188600,3.192400,3.193100,3.190800,3.191800,3.192000,3.185700,3.190500,3.188600,3.190100,3.193100,0.010000,50.458000,-123.346001,-0.004000,28.022049,27.989014,28.055115,0.066101
2:5:30:2860,03.181500,3.179400,3.185600,3.181100,3.181100,3.177800,3.181800,3.182400,3.180100,3.181500,3.181800,3.174600,3.180400,3.178200,3.179600,3.182700,0.011000,50.370998,-194.001999,-0.014000,28.003159,27.993698,28.059814,0.066116
2:5:30:5240,03.176200,3.174600,3.181000,3.175600,3.176000,3.172800,3.177100,3.177400,3.174400,3.176200,3.176700,3.169100,3.175400,3.173000,3.174200,3.177600,0.011900,50.298000,-194.003006,-0.031000,28.022049,27.993698,28.059814,0.066116
2:5:30:7660,03.172000,3.170200,3.176800,3.170700,3.171500,3.168400,3.172500,3.173100,3.170000,3.171500,3.172400,3.164200,3.170800,3.168300,3.169800,3.173100,0.012600,50.219002,-194.003006,-0.041000,28.026764,27.998428,28.055115,0.056686
2:5:31:0140,03.167900,3.166200,3.173400,3.167100,3.167900,3.164700,3.169000,3.169600,3.166000,3.168200,3.168700,3.160800,3.167700,3.165200,3.166400,3.169800,0.012600,50.180000,-194.003006,-0.057000,28.017365,27.998428,28.064575,0.066147
2:5:31:2520,03.164800,3.163200,3.170700,3.163900,3.164900,3.161900,3.165900,3.167000,3.163400,3.165300,3.166000,3.157700,3.164800,3.161900,3.163600,3.166600,0.013000,50.125999,-194.003006,-0.068000,28.007889,28.003159,28.059814,0.056656
2:5:31:6180,03.161300,3.159500,3.166900,3.160100,3.161100,3.158000,3.162200,3.163200,3.159600,3.161300,3.162400,3.153500,3.161000,3.158300,3.159500,3.163000,0.013400,50.092999,-194.003006,-0.079000,28.017365,28.003159,28.074020,0.070862
2:5:31:8510,03.158800,3.157000,3.164600,3.157900,3.158900,3.155700,3.159900,3.160700,3.156900,3.158800,3.160100,3.151400,3.158600,3.155600,3.157300,3.160400,0.013200,50.062000,-194.003006,-0.095000,28.007889,27.998428,28.055115,0.056686
2:5:32:0900,03.157000,3.155500,3.163100,3.155800,3.156900,3.154000,3.158400,3.159000,3.155400,3.157300,3.158500,3.149300,3.157200,3.154400,3.155300,3.159200,0.013800,50.025002,-194.003998,-0.106000,28.012573,27.998428,28.059814,0.061386
2:5:32:3270,03.155300,3.153200,3.161100,3.154200,3.155100,3.152300,3.156300,3.157100,3.153600,3.155400,3.156600,3.147300,3.155100,3.152400,3.153600,3.156800,0.013800,50.000000,-194.003006,-0.117000,28.012573,27.993698,28.059814,0.066116
2:5:32:5320,03.154000,3.152300,3.160100,3.152600,3.153600,3.150500,3.154700,3.155700,3.152200,3.153800,3.155200,3.145800,3.153700,3.150600,3.152000,3.155600,0.014300,49.974998,-194.003998,-0.133000,28.022049,27.993698,28.059814,0.066116
2:5:32:7920,03.152400,3.150500,3.158600,3.151100,3.152400,3.149400,3.153800,3.154800,3.151000,3.152600,3.154000,3.144500,3.152500,3.149600,3.151100,3.154200,0.014100,49.957001,-194.003998,-0.144000,28.017365,27.993698,28.059814,0.066116
2:5:33:0640,03.150900,3.148800,3.157000,3.149600,3.150800,3.147900,3.152000,3.152800,3.149100,3.151100,3.152600,3.142800,3.151000,3.148200,3.149200,3.152800,0.014200,49.928001,-194.003006,-0.154000,28.017365,27.993698,28.059814,0.066116
2:5:33:2800,03.149400,3.147700,3.155900,3.148700,3.149600,3.146400,3.151000,3.151800,3.147900,3.150000,3.151400,3.141300,3.149700,3.146900,3.148200,3.151400,0.014600,49.905998,-194.003006,-0.171000,28.017365,28.003159,28.069290,0.066132
2:5:33:5460,03.149000,3.147200,3.155000,3.147700,3.148300,3.145600,3.149800,3.150700,3.146800,3.148600,3.150200,3.140800,3.148400,3.145600,3.146800,3.150200,0.014200,49.891998,-194.003006,-0.181000,28.007889,27.998428,28.055115,0.056686
2:5:33:8000,03.146400,3.145000,3.153200,3.145600,3.147000,3.144000,3.148200,3.149100,3.145300,3.147000,3.148700,3.138900,3.147200,3.144000,3.145300,3.148900,0.014300,49.873001,-194.003006,-0.198000,28.017365,27.993698,28.059814,0.066116
2:5:34:0630,03.146100,3.144400,3.152600,3.144600,3.146100,3.143100,3.147300,3.148100,3.144200,3.146200,3.147900,3.138000,3.146400,3.143400,3.144800,3.147900,0.014600,49.856998,-194.003006,-0.208000,28.017365,28.003159,28.059814,0.056656
2:5:34:3060,03.145000,3.143500,3.151400,3.143800,3.144900,3.142000,3.146200,3.147200,3.143400,3.145300,3.147000,3.137200,3.145100,3.142000,3.143600,3.146600,0.014200,49.839001,-194.003006,-0.225000,28.017365,28.003159,28.055115,0.051956
2:5:34:5470,03.144400,3.142400,3.150700,3.143000,3.144000,3.141100,3.145500,3.146200,3.142300,3.144300,3.145900,3.135800,3.144200,3.141400,3.142600,3.145800,0.014900,49.828999,-194.003006,-0.235000,28.017365,27.998428,28.055115,0.056686
2:5:34:7680,03.143300,3.141500,3.149600,3.142200,3.143300,3.140400,3.144800,3.145500,3.141600,3.143800,3.145200,3.135000,3.143700,3.140300,3.142200,3.145000,0.014600,49.817001,-194.003006,-0.251000,28.017365,27.989014,28.064575,0.075562
2:5:35:0210,03.142300,3.140200,3.149000,3.141200,3.142200,3.139600,3.143800,3.144700,3.140700,3.142600,3.144400,3.134600,3.142800,3.139700,3.141100,3.144500,0.014400,49.803001,-194.003006,-0.262000,28.012573,27.998428,28.069290,0.070862
2:5:35:2710,03.141300,3.139400,3.148200,3.140100,3.141600,3.138600,3.143000,3.144100,3.140100,3.142000,3.143600,3.133500,3.141700,3.138800,3.140200,3.143400,0.014700,49.793999,-194.003006,-0.278000,28.007889,27.993698,28.059814,0.066116
2:5:35:5120,03.140600,3.139300,3.147700,3.139800,3.141200,3.137800,3.142300,3.143300,3.139200,3.141300,3.142800,3.133000,3.141300,3.138600,3.139500,3.142800,0.014700,49.779999,-194.003006,-0.289000,28.017365,27.998428,28.064575,0.066147
2:5:35:7500,03.139900,3.138100,3.146400,3.138800,3.139800,3.136700,3.141300,3.142300,3.138200,3.140400,3.142000,3.132000,3.140400,3.137200,3.138700,3.142100,0.014400,49.770000,-194.003006,-0.305000,28.007889,27.998428,28.059814,0.061386
2:5:35:9920,03.139800,3.137800,3.145900,3.138300,3.139400,3.136400,3.140700,3.141900,3.137600,3.139800,3.141500,3.131200,3.139500,3.136600,3.138200,3.141200,0.014700,49.761002,-194.003006,-0.316000,28.007889,27.993698,28.059814,0.066116
2:5:36:2320,03.138600,3.137000,3.145300,3.137700,3.138500,3.135600,3.140100,3.141100,3.137000,3.139000,3.140700,3.130600,3.139100,3.135600,3.137600,3.140800,0.014700,49.747002,-194.003998,-0.327000,28.017365,27.998428,28.064575,0.066147
2:5:36:4880,03.138100,3.136200,3.144800,3.137200,3.138300,3.135300,3.139600,3.140700,3.136600,3.138800,3.140400,3.130300,3.138800,3.135400,3.136800,3.140200,0.014500,49.737999,-194.003998,-0.343000,28.017365,27.993698,28.059814,0.066116
2:5:36:7380,03.138000,3.135800,3.144400,3.136600,3.137800,3.134600,3.139100,3.139900,3.136000,3.138200,3.139800,3.129700,3.138000,3.134900,3.136400,3.139600,0.014700,49.727001,-194.003998,-0.354000,28.026764,27.998428,28.055115,0.056686
2:5:36:9570,03.137300,3.135700,3.144000,3.135900,3.136900,3.134000,3.138200,3.139300,3.135200,3.137300,3.139200,3.129200,3.137300,3.134100,3.135600,3.138800,0.014800,49.720001,-194.003998,-0.370000,28.012573,27.998428,28.064575,0.066147
2:5:37:2160,03.136600,3.134600,3.143100,3.135400,3.136400,3.133300,3.137900,3.138800,3.134800,3.136800,3.138700,3.128400,3.136800,3.133700,3.135300,3.138400,0.014700,49.712002,-194.003998,-0.381000,28.026764,27.998428,28.059814,0.061386
2:5:37:4670,03.136200,3.134500,3.142900,3.134900,3.135900,3.132800,3.137300,3.138400,3.134000,3.136400,3.138000,3.128000,3.136300,3.133200,3.134600,3.137800,0.014900,49.703999,-194.003998,-0.397000,28.026764,28.003159,28.074020,0.070862
2:5:37:7450,03.135000,3.133300,3.141800,3.134300,3.135400,3.132400,3.136600,3.137700,3.133800,3.135700,3.137500,3.127300,3.135600,3.132500,3.134000,3.137600,0.014500,49.695999,-194.003998,-0.408000,28.022049,27.998428,28.064575,0.066147
2:5:37:9930,03.134400,3.132400,3.141100,3.133600,3.135000,3.131800,3.136100,3.137100,3.133000,3.135100,3.137100,3.126700,3.135200,3.132000,3.133200,3.136700,0.014400,49.692001,-194.003998,-0.424000,28.012573,27.998428,28.064575,0.066147
2:5:38:2420,03.134400,3.132300,3.141000,3.133300,3.134400,3.131200,3.135600,3.136800,3.132700,3.134700,3.136200,3.126400,3.134600,3.131600,3.133200,3.136500,0.014600,49.683998,-194.003998,-0.440000,28.017365,27.993698,28.064575,0.070877
2:5:38:4800,03.134200,3.132400,3.140300,3.132700,3.133800,3.130700,3.135300,3.136300,3.132200,3.134100,3.135800,3.125900,3.134200,3.131000,3.132700,3.135800,0.014400,49.680000,-194.003006,-0.451000,28.022049,28.003159,28.074020,0.070862
2:5:38:7250,03.133600,3.131400,3.139900,3.132300,3.133400,3.130200,3.134800,3.135600,3.131600,3.133800,3.135600,3.125400,3.133600,3.130200,3.132100,3.135400,0.014500,49.671001,-194.003006,-0.462000,28.017365,27.998428,28.064575,0.066147
2:5:38:9590,03.133100,3.131200,3.139700,3.131800,3.133200,3.129700,3.134400,3.135200,3.131500,3.133400,3.135100,3.125200,3.133200,3.130400,3.131800,3.135200,0.014500,49.666000,-194.003006,-0.478000,28.017365,27.998428,28.064575,0.066147
2:5:39:1750,03.132700,3.130800,3.139200,3.131700,3.132900,3.129400,3.134000,3.135000,3.131000,3.132900,3.134700,3.124900,3.132800,3.129800,3.131300,3.134600,0.014300,49.660999,-194.003006,-0.489000,28.017365,27.993698,28.064575,0.070877
2:5:39:4370,03.132200,3.130200,3.139000,3.131100,3.132000,3.129000,3.133800,3.134800,3.130900,3.132500,3.134500,3.124200,3.132500,3.129600,3.131000,3.134000,0.014800,49.653999,-194.003006,-0.499000,28.017365,27.993698,28.055115,0.061417
2:5:39:6860,03.131400,3.130200,3.138600,3.130800,3.132200,3.128900,3.133400,3.134400,3.130600,3.132400,3.134200,3.124000,3.132400,3.129000,3.131000,3.134100,0.014600,49.651001,-194.003006,-0.516000,28.017365,28.007889,28.069290,0.061401
2:5:39:9210,03.131800,3.129900,3.138600,3.130400,3.131800,3.128600,3.133000,3.133700,3.129800,3.132000,3.134000,3.123400,3.131600,3.128600,3.130400,3.133600,0.015200,49.644001,-194.003006,-0.526000,28.017365,27.998428,28.055115,0.056686
2:5:40:9060,03.224400,3.224300,3.228900,3.224100,3.225000,3.224200,3.225800,3.226500,3.223000,3.224400,3.226200,3.221000,3.225200,3.223800,3.224600,3.224700,0.007900,51.599998,0.000000,0.000000,28.017365,28.003159,28.069290,0.066132
2:5:41:1100,03.224400,3.224300,3.228900,3.224100,3.225000,3.224200,3.225800,3.226500,3.223000,3.224400,3.226200,3.221000,3.225200,3.223800,3.224600,3.224700,0.007900,51.618999,0.000000,0.000000,28.017365,28.003159,28.069290,0.066132
2:5:41:3240,03.225500,3.225600,3.230600,3.225500,3.226600,3.225900,3.227600,3.228200,3.224800,3.226400,3.228000,3.222600,3.226900,3.225600,3.226400,3.226700,0.008000,51.641998,0.000000,0.000000,28.012573,27.998428,28.064575,0.066147
2:5:41:5410,03.225600,3.225800,3.231000,3.226200,3.227000,3.226600,3.228000,3.228400,3.225400,3.226600,3.228400,3.223500,3.227300,3.226100,3.227000,3.227100,0.007500,51.655998,0.000000,0.000000,28.022049,28.003159,28.074020,0.070862
2:5:41:7500,03.228000,3.227500,3.232000,3.227300,3.228300,3.227600,3.229100,3.229500,3.226500,3.227900,3.229500,3.224400,3.228200,3.227200,3.228200,3.228500,0.007600,51.667999,0.000000,0.000000,28.022049,27.998428,28.064575,0.066147
2:5:41:9860,03.227400,3.227800,3.232400,3.227800,3.228800,3.228200,3.229700,3.230300,3.227200,3.228500,3.230500,3.225400,3.229200,3.228300,3.228900,3.229200,0.007000,51.678001,0.000000,0.000000,28.022049,27.998428,28.069290,0.070862
2:5:42:1710,03.228400,3.228800,3.233700,3.229000,3.229900,3.228900,3.231000,3.231400,3.228000,3.229600,3.231100,3.226200,3.230000,3.229300,3.229700,3.229800,0.007500,51.688000,0.000000,0.000000,28.017365,28.003159,28.069290,0.066132
2:5:42:3720,03.230000,3.229500,3.234200,3.229700,3.230300,3.229800,3.231400,3.232000,3.228300,3.230000,3.231500,3.226500,3.230700,3.229400,3.230100,3.230400,0.007700,51.698002,0.000000,0.000000,28.012573,27.998428,28.074020,0.075592
2:5:42:5670,03.230200,3.229900,3.234200,3.230100,3.230700,3.230200,3.231600,3.232000,3.229100,3.230400,3.231900,3.227000,3.230900,3.229800,3.230600,3.231400,0.007200,51.708000,0.000000,0.000000,28.026764,28.003159,28.064575,0.061417
2:5:42:7630,03.231100,3.230700,3.235400,3.230700,3.231600,3.230800,3.232700,3.233300,3.229700,3.231400,3.233000,3.228400,3.231900,3.230600,3.231500,3.231800,0.007000,51.716000,0.000000,0.000000,28.017365,28.003159,28.064575,0.061417
2:5:42:9660,03.231300,3.230800,3.235700,3.231200,3.232100,3.231600,3.232800,3.233500,3.230400,3.231700,3.233300,3.228400,3.232200,3.231000,3.231600,3.232200,0.007300,51.723999,0.000000,0.000000,28.017365,28.003159,28.069290,0.066132
2:5:43:1480,03.231400,3.231000,3.235800,3.231400,3.232000,3.231400,3.233100,3.233700,3.230500,3.231900,3.233500,3.228900,3.232600,3.231600,3.232300,3.232500,0.006900,51.731998,0.000000,0.000000,28.022049,28.003159,28.059814,0.056656
2:5:43:3550,03.232600,3.232400,3.237000,3.232200,3.232800,3.232300,3.234000,3.234500,3.231500,3.232800,3.234100,3.229700,3.233400,3.232200,3.233000,3.233600,0.007300,51.740002,0.000000,0.000000,28.017365,27.998428,28.064575,0.066147
2:5:43:5670,03.232800,3.232800,3.237200,3.232900,3.233500,3.233000,3.234800,3.235000,3.231800,3.233400,3.234600,3.230400,3.233700,3.232700,3.233200,3.233700,0.006800,51.748001,0.000000,0.000000,28.017365,28.007889,28.069290,0.061401
2:5:43:7820,03.233100,3.233200,3.237400,3.233200,3.233800,3.233000,3.234600,3.235300,3.231800,3.233500,3.235100,3.230500,3.234200,3.232800,3.233800,3.234400,0.006900,51.755001,0.000000,0.000000,28.022049,28.007889,28.078720,0.070831
2:5:44:0130,03.233500,3.233400,3.238100,3.233800,3.234300,3.233700,3.235600,3.236000,3.232800,3.234100,3.235500,3.231200,3.234600,3.233400,3.234200,3.234700,0.006900,51.761002,0.000000,0.000000,28.026764,28.003159,28.074020,0.070862
2:5:44:2190,03.233900,3.233700,3.238500,3.233800,3.234800,3.234400,3.235800,3.236100,3.233000,3.234300,3.236100,3.231400,3.235000,3.234100,3.234900,3.235100,0.007100,51.766998,0.000000,0.000000,28.026764,28.007889,28.074020,0.066132
2:5:44:4130,03.234400,3.233900,3.238500,3.234200,3.235100,3.234800,3.236300,3.236800,3.233400,3.234800,3.236300,3.232000,3.235300,3.234200,3.235100,3.235300,0.006500,51.772999,0.000000,0.000000,28.022049,28.007889,28.074020,0.066132
2:5:44:6180,03.234900,3.234800,3.239100,3.234900,3.235800,3.235000,3.236600,3.237200,3.233800,3.235400,3.236600,3.232400,3.235900,3.235000,3.235400,3.235800,0.006700,51.778999,0.000000,0.000000,28.026764,28.012573,28.069290,0.056717
2:5:44:8090,03.235000,3.235100,3.239900,3.235600,3.236000,3.235300,3.237200,3.237600,3.234400,3.235800,3.237200,3.232500,3.236100,3.235200,3.235800,3.236400,0.007400,51.785000,0.000000,0.000000,28.022049,28.007889,28.069290,0.061401
2:5:45:0130,03.235500,3.235100,3.240000,3.235400,3.236100,3.235600,3.237300,3.237800,3.234400,3.236000,3.237400,3.233000,3.236600,3.235300,3.236200,3.236400,0.007000,51.790001,0.000000,0.000000,28.031479,28.007889,28.069290,0.061401
2:5:45:2490,03.235700,3.235600,3.240400,3.235800,3.236600,3.235600,3.237500,3.238000,3.234600,3.236300,3.237600,3.233400,3.236900,3.235800,3.236400,3.236700,0.007000,51.798000,0.000000,0.000000,28.022049,28.007889,28.074020,0.066132
2:5:45:4600,03.236500,3.236100,3.240500,3.236200,3.236800,3.236300,3.238200,3.238500,3.235200,3.236800,3.238200,3.233700,3.237300,3.236000,3.236900,3.237100,0.006800,51.803001,0.000000,0.000000,28.026764,28.007889,28.074020,0.066132
2:5:45:6670,03.237000,3.236400,3.241300,3.236600,3.237400,3.236900,3.238400,3.239100,3.235700,3.237200,3.238600,3.234200,3.237700,3.237200,3.237400,3.237800,0.007100,51.807999,0.000000,0.000000,28.031479,28.012573,28.074020,0.061447
2:5:45:8610,03.236900,3.236800,3.241300,3.237200,3.237800,3.237100,3.238600,3.239200,3.236000,3.237400,3.238600,3.234600,3.237700,3.237100,3.237500,3.238000,0.006700,51.813000,0.000000,0.000000,28.036240,28.007889,28.078720,0.070831
2:5:46:0610,03.237000,3.237300,3.241400,3.237200,3.238000,3.237300,3.239000,3.239800,3.236400,3.237800,3.239100,3.234800,3.238100,3.237200,3.237700,3.238200,0.006600,51.817001,0.000000,0.000000,28.022049,28.012573,28.083466,0.070892
2:5:46:2700,03.237100,3.236700,3.241400,3.237200,3.237900,3.237600,3.239200,3.239500,3.236300,3.237800,3.239100,3.235000,3.238400,3.237400,3.237900,3.238000,0.006400,51.821999,0.000000,0.000000,28.026764,28.007889,28.069290,0.061401
2:5:46:4640,03.238100,3.237600,3.242000,3.237700,3.238600,3.237900,3.239400,3.239800,3.236800,3.238200,3.239500,3.235200,3.238600,3.237800,3.238400,3.238400,0.006800,51.826000,0.000000,0.000000,28.026764,28.012573,28.078720,0.066147
2:5:46:6610,03.237600,3.237400,3.241900,3.238000,3.238600,3.237800,3.239400,3.240100,3.236800,3.238300,3.239400,3.235400,3.238600,3.237700,3.238300,3.238800,0.006500,51.830002,0.000000,0.000000,28.026764,28.017365,28.074020,0.056656
2:5:46:8710,03.238200,3.238200,3.242600,3.238300,3.239200,3.238700,3.240100,3.240400,3.237300,3.238800,3.240300,3.235800,3.239200,3.238500,3.239000,3.239100,0.006800,51.834999,0.000000,0.000000,28.031479,28.012573,28.064575,0.052002
2:5:47:0520,03.238400,3.238000,3.242900,3.238600,3.239300,3.238800,3.240500,3.241000,3.237600,3.239300,3.240600,3.236000,3.239600,3.238600,3.239400,3.239800,0.006900,51.839001,0.000000,0.000000,28.026764,28.007889,28.074020,0.066132
2:5:47:2570,03.238500,3.238400,3.242800,3.238800,3.239300,3.238900,3.240500,3.241100,3.237700,3.239200,3.240800,3.236000,3.239700,3.238500,3.239400,3.239600,0.006800,51.841999,0.000000,0.000000,28.026764,28.012573,28.074020,0.061447
2:5:47:4560,03.238800,3.238900,3.243200,3.239100,3.239600,3.239200,3.241000,3.241400,3.238000,3.239400,3.240700,3.236700,3.239600,3.238900,3.239600,3.239800,0.006500,51.846001,0.000000,0.000000,28.026764,28.012573,28.074020,0.061447
2:5:47:6930,03.238800,3.238900,3.243600,3.239200,3.240100,3.239400,3.241100,3.241500,3.238300,3.239800,3.241200,3.236900,3.240300,3.239000,3.239800,3.240000,0.006700,51.848999,0.000000,0.000000,28.031479,28.017365,28.074020,0.056656
2:5:47:8920,03.239700,3.239400,3.243700,3.239400,3.240500,3.239500,3.241100,3.241500,3.238600,3.240000,3.241100,3.237100,3.240200,3.239100,3.240000,3.240600,0.006600,51.853001,0.000000,0.000000,28.026764,28.003159,28.074020,0.070862
2:5:48:1150,03.239500,3.239400,3.243800,3.239600,3.240500,3.239900,3.241800,3.241800,3.238800,3.240200,3.241400,3.237200,3.240700,3.239700,3.240400,3.240500,0.006600,51.855999,0.000000,0.000000,28.031479,28.012573,28.074020,0.061447
2:5:48:3130,03.239800,3.239500,3.244100,3.239900,3.240500,3.240000,3.241900,3.242200,3.238800,3.240500,3.241600,3.237600,3.240800,3.239700,3.240600,3.241000,0.006500,51.860001,0.000000,0.000000,28.031479,28.012573,28.074020,0.061447
2:5:48:5150,03.239700,3.240000,3.244200,3.240200,3.240600,3.240000,3.241600,3.242200,3.239000,3.240500,3.241700,3.237600,3.240900,3.239600,3.240600,3.241100,0.006600,51.862999,0.000000,0.000000,28.036240,28.007889,28.074020,0.066132
2:5:48:6970,03.240800,3.240300,3.244300,3.240600,3.241200,3.240800,3.242200,3.242800,3.239600,3.240800,3.242200,3.238100,3.241600,3.240400,3.241200,3.241500,0.006200,51.867001,0.000000,0.000000,28.031479,28.017365,28.074020,0.056656
2:5:48:9020,03.241000,3.240800,3.245000,3.240800,3.241600,3.241000,3.242400,3.243000,3.239800,3.241300,3.242500,3.238300,3.241600,3.240600,3.241500,3.241900,0.006700,51.869999,0.000000,0.000000,28.036240,28.007889,28.074020,0.066132
2:5:49:1090,03.240700,3.240400,3.245100,3.241100,3.241900,3.240800,3.242600,3.243000,3.240000,3.241500,3.242900,3.238500,3.241600,3.240600,3.241500,3.241500,0.006600,51.874001,0.000000,0.000000,28.026764,28.017365,28.088165,0.070801
2:5:49:2980,03.241000,3.240700,3.245200,3.240800,3.241800,3.241400,3.242400,3.243100,3.239600,3.241500,3.242600,3.238700,3.241800,3.241200,3.241300,3.241700,0.006500,51.876999,0.000000,0.000000,28.026764,28.017365,28.078720,0.061356
2:5:49:5080,03.241200,3.241100,3.245800,3.241100,3.241700,3.241700,3.243100,3.243400,3.240400,3.241800,3.242800,3.238900,3.242000,3.241300,3.241800,3.242100,0.006900,51.880001,0.000000,0.000000,28.031479,28.012573,28.078720,0.066147
2:5:49:7240,03.242000,3.241200,3.246100,3.241800,3.242200,3.241800,3.243200,3.243900,3.240400,3.242200,3.243400,3.239100,3.242400,3.241500,3.242100,3.242600,0.007000,51.882999,0.000000,0.000000,28.040939,28.017365,28.083466,0.066101
2:5:49:9310,03.241400,3.241200,3.246100,3.242000,3.242400,3.241900,3.243400,3.243900,3.240800,3.242200,3.243200,3.239300,3.242800,3.241600,3.242200,3.242800,0.006800,51.886002,0.000000,0.000000,28.036240,28.017365,28.078720,0.061356
2:5:50:1570,03.242000,3.241800,3.246200,3.242300,3.242400,3.242200,3.243600,3.244100,3.240900,3.242300,3.243500,3.239600,3.242700,3.241800,3.242400,3.242400,0.006600,51.889999,0.000000,0.000000,28.036240,28.017365,28.083466,0.066101
2:5:50:3500,03.242200,3.241600,3.246200,3.241800,3.242600,3.241800,3.243600,3.244200,3.240900,3.242300,3.243600,3.239600,3.242900,3.241700,3.242200,3.243000,0.006600,51.893002,0.000000,0.000000,28.036240,28.012573,28.078720,0.066147
2:5:50:5610,03.241800,3.241700,3.246500,3.242200,3.242700,3.242500,3.243800,3.244300,3.241000,3.242600,3.243900,3.239700,3.242700,3.241800,3.242700,3.242900,0.006800,51.896000,0.000000,0.000000,28.031479,28.012573,28.078720,0.066147
2:5:50:7680,03.242500,3.242400,3.246500,3.242400,3.243300,3.242600,3.244200,3.244500,3.241600,3.242800,3.244100,3.240000,3.243500,3.242400,3.242900,3.243200,0.006500,51.898998,0.000000,0.000000,28.036240,28.017365,28.083466,0.066101
2:5:50:9520,03.242900,3.242800,3.247000,3.243000,3.243400,3.243000,3.244600,3.245000,3.241700,3.243200,3.244400,3.240300,3.243500,3.242900,3.243600,3.243800,0.006700,51.902000,0.000000,0.000000,28.036240,28.017365,28.083466,0.066101
2:5:51:1570,03.243200,3.242700,3.246900,3.242700,3.243500,3.242800,3.244400,3.245000,3.241600,3.243200,3.244400,3.240300,3.243600,3.242600,3.243400,3.243700,0.006600,51.903999,0.000000,0.000000,28.031479,28.017365,28.083466,0.066101
2:5:51:3730,03.242400,3.242700,3.247000,3.243200,3.243600,3.242900,3.244700,3.245200,3.241800,3.243700,3.244600,3.240400,3.243800,3.242800,3.243500,3.244000,0.006600,51.907001,0.000000,0.000000,28.031479,28.017365,28.088165,0.070801
2:5:51:5830,03.242900,3.242400,3.247200,3.243000,3.243600,3.243000,3.244500,3.245200,3.241800,3.243400,3.244800,3.240400,3.243700,3.242900,3.243400,3.244100,0.006800,51.910000,0.000000,0.000000,28.036240,28.022049,28.083466,0.061417
2:5:51:7910,03.242400,3.242400,3.247400,3.243200,3.244000,3.243600,3.245100,3.245400,3.242100,3.243600,3.245000,3.240900,3.244000,3.243400,3.243800,3.244000,0.006500,51.912998,0.000000,0.000000,28.040939,28.017365,28.088165,0.070801
2:5:51:9900,03.243200,3.243000,3.247600,3.243400,3.244100,3.243600,3.245200,3.245700,3.242200,3.244000,3.245100,3.240800,3.244200,3.243500,3.244100,3.244200,0.006800,51.915001,0.000000,0.000000,28.045654,28.017365,28.088165,0.070801
2:5:52:1910,03.243400,3.243400,3.247800,3.243600,3.244000,3.243600,3.245400,3.245800,3.242600,3.244000,3.245400,3.241200,3.244400,3.243400,3.244100,3.244600,0.006600,51.917999,0.000000,0.000000,28.036240,28.017365,28.088165,0.070801
2:5:52:3910,03.244200,3.243500,3.248000,3.243800,3.244400,3.244000,3.245400,3.245800,3.242700,3.244200,3.245300,3.241600,3.244500,3.243600,3.244300,3.244400,0.006400,51.919998,0.000000,0.000000,28.031479,28.022049,28.088165,0.066116
2:5:52:5690,03.243800,3.243900,3.248400,3.244200,3.244600,3.243800,3.245600,3.245900,3.242900,3.244500,3.245600,3.241500,3.244600,3.243800,3.244400,3.244600,0.006900,51.923000,0.000000,0.000000,28.036240,28.022049,28.083466,0.061417
2:5:52:7800,03.243800,3.243600,3.248100,3.243700,3.244700,3.244100,3.245600,3.246100,3.243000,3.244600,3.245600,3.241600,3.244800,3.243400,3.244900,3.244700,0.006500,51.924999,0.000000,0.000000,28.036240,28.017365,28.083466,0.066101
2:5:52:9870,03.244800,3.244000,3.248600,3.244400,3.244700,3.244300,3.246000,3.246500,3.243200,3.244700,3.245900,3.242000,3.244900,3.244300,3.244800,3.245200,0.006600,51.926998,0.000000,0.000000,28.040939,28.022049,28.092911,0.070862
2:5:53:1940,03.244600,3.244400,3.248800,3.244700,3.245100,3.244400,3.246100,3.246800,3.243500,3.244800,3.246200,3.242000,3.245200,3.244300,3.244800,3.245500,0.006800,51.930000,0.000000,0.000000,28.036240,28.017365,28.083466,0.066101
2:5:53:4120,03.244200,3.244300,3.248700,3.244600,3.245200,3.244700,3.246400,3.246600,3.243600,3.244700,3.246300,3.242300,3.245600,3.244500,3.245000,3.245600,0.006400,51.931999,0.000000,0.000000,28.031479,28.026764,28.092911,0.066147
2:5:53:6440,03.245300,3.245100,3.249200,3.245200,3.245600,3.245000,3.246600,3.247200,3.243800,3.245400,3.246600,3.242600,3.245700,3.244900,3.245400,3.245900,0.006600,51.933998,0.000000,0.000000,28.045654,28.036240,28.092911,0.056671
2:5:53:8420,03.245000,3.244800,3.249100,3.244900,3.245600,3.245000,3.246600,3.247000,3.243800,3.245000,3.246500,3.242400,3.245700,3.244800,3.245300,3.246100,0.006700,51.936001,0.000000,0.000000,28.036240,28.026764,28.088165,0.061401
2:5:54:0410,03.245900,3.245200,3.249300,3.245400,3.246000,3.245400,3.247000,3.247200,3.244000,3.245400,3.246700,3.242500,3.245900,3.245000,3.245800,3.245900,0.006800,51.938000,0.000000,0.000000,28.036240,28.022049,28.088165,0.066116
2:5:54:2320,03.245200,3.244800,3.249300,3.245000,3.245900,3.245400,3.247000,3.247400,3.244200,3.245500,3.246900,3.242600,3.245800,3.245200,3.245600,3.246200,0.006700,51.941002,0.000000,0.000000,28.036240,28.026764,28.088165,0.061401
2:5:54:4310,03.245500,3.245100,3.249900,3.245600,3.246400,3.245200,3.246900,3.247300,3.244200,3.245800,3.247000,3.242600,3.246000,3.245400,3.245800,3.246600,0.007300,51.943001,0.000000,0.000000,28.036240,28.026764,28.092911,0.066147
2:5:54:6420,03.245400,3.245400,3.249600,3.245100,3.246400,3.245500,3.246800,3.247400,3.244500,3.245800,3.246800,3.243000,3.246000,3.245600,3.245800,3.246300,0.006600,51.945000,0.000000,0.000000,28.036240,28.036240,28.097656,0.061417
2:5:54:8220,03.246200,3.245800,3.250100,3.246200,3.246400,3.245800,3.247200,3.247600,3.244600,3.245800,3.247100,3.243200,3.246100,3.245400,3.246100,3.246600,0.006900,51.946999,0.000000,0.000000,28.040939,28.026764,28.102356,0.075592
2:5:55:0590,03.245600,3.245500,3.249600,3.245600,3.246100,3.245700,3.247400,3.247900,3.244500,3.246000,3.247200,3.243300,3.246400,3.245800,3.246200,3.246600,0.006300,51.950001,0.000000,0.000000,28.055115,28.026764,28.092911,0.066147
2:5:55:2700,03.245700,3.245500,3.249800,3.245800,3.246300,3.245800,3.247400,3.247600,3.244700,3.246200,3.247300,3.243100,3.246400,3.245500,3.246400,3.246200,0.006700,51.952000,0.000000,0.000000,28.036240,28.026764,28.092911,0.066147
2:5:55:4990,03.245900,3.245600,3.250100,3.245900,3.246400,3.246000,3.247600,3.248000,3.244600,3.246300,3.247600,3.243600,3.246500,3.245600,3.246100,3.246600,0.006500,51.953999,0.000000,0.000000,28.045654,28.026764,28.097656,0.070892
2:5:55:7390,03.246500,3.245800,3.250600,3.246200,3.246600,3.246100,3.247800,3.248000,3.245400,3.246600,3.247900,3.244000,3.247000,3.246200,3.246600,3.246900,0.006600,51.956001,0.000000,0.000000,28.040939,28.031479,28.092911,0.061432
2:5:55:9250,03.246600,3.246100,3.250200,3.246400,3.246600,3.246300,3.247600,3.247900,3.244900,3.246300,3.247700,3.243800,3.246700,3.245600,3.246600,3.246600,0.006400,51.958000,0.000000,0.000000,28.045654,28.026764,28.092911,0.066147
2:5:56:1340,03.246400,3.246500,3.250600,3.246600,3.247200,3.246500,3.248000,3.248700,3.245600,3.246700,3.247800,3.243900,3.247000,3.246200,3.247000,3.247200,0.006700,51.959999,0.000000,0.000000,28.040939,28.026764,28.097656,0.070892
2:5:56:3250,03.246700,3.246200,3.250600,3.246500,3.247200,3.246500,3.247800,3.248800,3.245500,3.247100,3.248300,3.244200,3.247000,3.246200,3.247100,3.247400,0.006400,51.962002,0.000000,0.000000,28.045654,28.031479,28.102356,0.070877
2:5:56:5070,03.246600,3.246500,3.250800,3.246900,3.247400,3.247000,3.248400,3.248800,3.245600,3.247200,3.248300,3.244200,3.247300,3.246400,3.247200,3.247400,0.006600,51.964001,0.000000,0.000000,28.055115,28.036240,28.092911,0.056671
2:5:56:7130,03.246200,3.246100,3.250600,3.246400,3.247400,3.246700,3.248400,3.248800,3.245400,3.247200,3.248000,3.244200,3.247300,3.246100,3.247100,3.247700,0.006400,51.966000,0.000000,0.000000,28.036240,28.031479,28.092911,0.061432
2:5:56:9710,03.247400,3.246800,3.251400,3.247200,3.247700,3.246800,3.248800,3.249000,3.245800,3.247300,3.248500,3.244400,3.247700,3.246900,3.247400,3.247500,0.007000,51.967999,0.000000,0.000000,28.050400,28.031479,28.102356,0.070877
2:5:57:1750,03.246900,3.247200,3.251200,3.247300,3.247600,3.246700,3.248500,3.248800,3.245500,3.247400,3.248500,3.244400,3.247500,3.246800,3.247400,3.247600,0.006800,51.970001,0.000000,0.000000,28.055115,28.036240,28.107071,0.070831
2:5:57:3990,03.247000,3.247000,3.251500,3.247600,3.247800,3.247500,3.248600,3.249300,3.246300,3.247300,3.248800,3.244800,3.247800,3.247200,3.247700,3.248200,0.006700,51.972000,0.000000,0.000000,28.045654,28.036240,28.097656,0.061417
2:5:57:6440,03.247500,3.246800,3.251400,3.247400,3.248000,3.247400,3.248700,3.249400,3.246200,3.247500,3.248700,3.244800,3.247700,3.247000,3.248000,3.248200,0.006600,51.973000,0.000000,0.000000,28.050400,28.036240,28.102356,0.066116
2:5:57:8750,03.246900,3.246800,3.251300,3.247500,3.248000,3.247400,3.249000,3.249200,3.246200,3.247600,3.248800,3.245000,3.248000,3.247200,3.247800,3.248000,0.006300,51.976002,0.000000,0.000000,28.059814,28.031479,28.102356,0.070877
2:5:58:1050,03.248100,3.247300,3.251600,3.247200,3.247900,3.247700,3.249000,3.249600,3.246200,3.247800,3.249000,3.244700,3.247700,3.246900,3.247700,3.248100,0.006900,51.977001,0.000000,0.000000,28.050400,28.040939,28.097656,0.056717
2:5:58:3020,03.247800,3.247400,3.251600,3.247600,3.248200,3.247600,3.249200,3.249800,3.246600,3.247800,3.249200,3.245300,3.248400,3.247400,3.248100,3.248500,0.006300,51.979000,0.000000,0.000000,28.045654,28.040939,28.107071,0.066132
2:5:58:4840,03.248100,3.247600,3.252000,3.247900,3.248600,3.248000,3.249300,3.250300,3.246700,3.248200,3.249500,3.245500,3.248600,3.247800,3.248500,3.248600,0.006500,51.980000,0.000000,0.000000,28.050400,28.036240,28.102356,0.066116
2:5:58:7010,03.248200,3.247800,3.252100,3.248400,3.248400,3.248100,3.249800,3.250000,3.246800,3.248200,3.249300,3.245600,3.248400,3.247800,3.248400,3.248700,0.006500,51.981998,0.000000,0.000000,28.050400,28.036240,28.102356,0.066116
2:5:58:9000,03.248000,3.247500,3.251600,3.247800,3.248600,3.247700,3.249400,3.249700,3.246800,3.248100,3.249200,3.245200,3.248400,3.247200,3.248000,3.248200,0.006400,51.984001,0.000000,0.000000,28.050400,28.026764,28.092911,0.066147
2:5:59:1040,03.248000,3.247700,3.252100,3.248300,3.248700,3.247800,3.249800,3.250000,3.247100,3.248800,3.249800,3.245600,3.248600,3.248000,3.248600,3.249300,0.006500,51.985001,0.000000,0.000000,28.059814,28.036240,28.102356,0.066116
2:5:59:2920,03.247900,3.247800,3.252100,3.248000,3.248800,3.248100,3.249900,3.250300,3.247000,3.248400,3.249500,3.246000,3.248400,3.247800,3.248600,3.248800,0.006100,51.987000,0.000000,0.000000,28.036240,28.040939,28.116547,0.080307
2:5:59:4970,03.247800,3.247400,3.252100,3.248100,3.248700,3.248000,3.249800,3.250400,3.247200,3.248500,3.249600,3.245800,3.248600,3.248000,3.248700,3.249000,0.006300,51.988998,0.000000,0.000000,28.045654,28.040939,28.107071,0.066132
2:5:59:7040,03.248600,3.248100,3.252000,3.248200,3.249000,3.248200,3.249700,3.250100,3.247100,3.248800,3.249600,3.246000,3.248800,3.248000,3.248800,3.248800,0.006000,51.990002,0.000000,0.000000,28.045654,28.040939,28.111847,0.070908
2:5:59:9020,03.248300,3.248200,3.252400,3.248600,3.249200,3.248400,3.250000,3.250400,3.247200,3.248600,3.250100,3.246000,3.248800,3.248200,3.249100,3.249200,0.006400,51.992001,0.000000,0.000000,28.055115,28.040939,28.107071,0.066132
2:6:0:0840,03.248400,3.248000,3.252600,3.248600,3.249200,3.248600,3.250000,3.250500,3.247400,3.249000,3.249900,3.246100,3.249000,3.248600,3.248800,3.249200,0.006500,51.993000,0.000000,0.000000,28.055115,28.036240,28.111847,0.075607
2:6:0:2840,03.248800,3.248300,3.252800,3.248800,3.249100,3.248700,3.250100,3.250400,3.247600,3.249000,3.250000,3.246100,3.249000,3.248400,3.248900,3.249400,0.006700,51.994999,0.000000,0.000000,28.050400,28.040939,28.107071,0.066132
2:6:0:5130,03.248600,3.248200,3.252800,3.248900,3.249400,3.248800,3.250200,3.250800,3.247400,3.248800,3.250200,3.246300,3.249200,3.248400,3.249200,3.249500,0.006500,51.997002,0.000000,0.000000,28.059814,28.040939,28.102356,0.061417
2:6:0:7320,03.248700,3.248500,3.252900,3.249100,3.249400,3.249000,3.250500,3.250800,3.247900,3.249400,3.250500,3.246600,3.249300,3.249000,3.249300,3.249400,0.006300,51.998001,0.000000,0.000000,28.055115,28.040939,28.107071,0.066132
2:6:0:9270,03.249300,3.248600,3.252800,3.249100,3.249500,3.248800,3.250500,3.251000,3.248000,3.249500,3.250600,3.246700,3.249500,3.248700,3.249500,3.250000,0.006100,52.000000,0.000000,0.000000,28.059814,28.040939,28.111847,0.070908
2:6:1:1240,03.249800,3.249000,3.253400,3.249100,3.249600,3.249300,3.250700,3.251000,3.248000,3.249400,3.250500,3.246800,3.249800,3.248800,3.249400,3.249600,0.006600,52.000999,0.000000,0.000000,28.059814,28.045654,28.107071,0.061417
2:6:1:3490,03.249400,3.248800,3.253200,3.249300,3.249700,3.248800,3.250500,3.251100,3.248000,3.249400,3.250300,3.246400,3.249400,3.249000,3.249400,3.249900,0.006800,52.001999,0.000000,0.000000,28.050400,28.045654,28.107071,0.061417
2:6:1:5510,03.249200,3.248800,3.253200,3.249500,3.249900,3.249200,3.250800,3.251200,3.248000,3.249400,3.250600,3.247000,3.249600,3.248700,3.249400,3.249900,0.006200,52.004002,0.000000,0.000000,28.059814,28.040939,28.107071,0.066132
2:6:1:7670,03.249400,3.248600,3.253100,3.249400,3.249800,3.249400,3.250800,3.251100,3.248400,3.249600,3.250700,3.246900,3.250000,3.249000,3.249600,3.250000,0.006200,52.006001,0.000000,0.000000,28.055115,28.045654,28.107071,0.061417
2:6:1:9880,03.250000,3.249400,3.253800,3.250000,3.250400,3.249600,3.251200,3.251600,3.248300,3.249900,3.251100,3.247400,3.250400,3.249300,3.249900,3.250200,0.006400,52.007999,0.000000,0.000000,28.050400,28.036240,28.102356,0.066116
2:6:2:1760,03.249400,3.248900,3.253600,3.249600,3.250100,3.249600,3.251100,3.251400,3.248500,3.249900,3.251000,3.247200,3.249900,3.249200,3.249800,3.249900,0.006400,52.008999,0.000000,0.000000,28.055115,28.045654,28.107071,0.061417
2:6:2:3880,03.249300,3.249200,3.253200,3.249600,3.250000,3.249600,3.250800,3.251500,3.248000,3.249800,3.250800,3.247000,3.250000,3.249400,3.249800,3.250100,0.006200,52.009998,0.000000,0.000000,28.059814,28.040939,28.111847,0.070908
2:6:2:5930,03.250000,3.249600,3.254000,3.250000,3.250000,3.249700,3.251400,3.251600,3.248700,3.249900,3.251100,3.247600,3.250200,3.249500,3.250000,3.250600,0.006400,52.012001,0.000000,0.000000,28.055115,28.040939,28.111847,0.070908
2:6:2:7970,03.249900,3.249200,3.253300,3.249500,3.250100,3.249600,3.251000,3.251500,3.248500,3.250000,3.251100,3.247000,3.250100,3.249000,3.250100,3.250300,0.006300,52.013000,0.000000,0.000000,28.055115,28.040939,28.107071,0.066132
2:6:3:0050,03.250200,3.250200,3.254100,3.250200,3.250700,3.250100,3.251400,3.251800,3.248700,3.250400,3.251400,3.247500,3.250600,3.249800,3.250400,3.250700,0.006600,52.014000,0.000000,0.000000,28.059814,28.045654,28.116547,0.070892
2:6:3:1860,03.250300,3.249400,3.254100,3.249900,3.250500,3.250000,3.251300,3.251800,3.248700,3.250100,3.251100,3.247400,3.250700,3.249700,3.250600,3.250600,0.006700,52.014999,0.000000,0.000000,28.064575,28.045654,28.111847,0.066193
2:6:3:3790,03.249800,3.249500,3.253800,3.250300,3.250500,3.249800,3.251200,3.251800,3.248700,3.250500,3.251400,3.247500,3.250400,3.249500,3.250200,3.250600,0.006300,52.016998,0.000000,0.000000,28.059814,28.045654,28.111847,0.066193
2:6:3:5790,03.249600,3.249200,3.254100,3.250000,3.250500,3.250200,3.251700,3.252100,3.248800,3.250600,3.251600,3.247600,3.250800,3.250100,3.250600,3.251000,0.006500,52.018002,0.000000,0.000000,28.055115,28.045654,28.121231,0.075577
2:6:3:7700,03.250400,3.249900,3.254000,3.250500,3.251000,3.250200,3.252000,3.252200,3.249200,3.251100,3.251500,3.247800,3.250700,3.250000,3.250400,3.250800,0.006200,52.019001,0.000000,0.000000,28.055115,28.050400,28.111847,0.061447
2:6:3:9610,03.250600,3.250000,3.254400,3.250300,3.250900,3.250400,3.251800,3.252300,3.249100,3.250400,3.251600,3.247900,3.250600,3.249900,3.250600,3.250700,0.006500,52.020000,0.000000,0.000000,28.064575,28.050400,28.111847,0.061447
2:6:4:1810,03.250200,3.250000,3.254300,3.250400,3.250800,3.250500,3.251600,3.252400,3.249400,3.250600,3.251700,3.248000,3.250900,3.249900,3.250500,3.250800,0.006300,52.021999,0.000000,0.000000,28.064575,28.040939,28.111847,0.070908
2:6:4:3930,03.250600,3.250000,3.254300,3.250300,3.251000,3.250400,3.251900,3.252400,3.249300,3.250800,3.251800,3.247900,3.251000,3.250000,3.250800,3.251000,0.006400,52.022999,0.000000,0.000000,28.059814,28.050400,28.111847,0.061447
2:6:4:5970,03.249800,3.249700,3.254300,3.250600,3.251100,3.250500,3.252000,3.252600,3.249400,3.250700,3.252000,3.248000,3.251000,3.250400,3.250800,3.251500,0.006300,52.025002,0.000000,0.000000,28.064575,28.045654,28.111847,0.066193
2:6:4:8150,03.250600,3.250500,3.254900,3.251000,3.251300,3.250700,3.252200,3.252800,3.249400,3.251200,3.252000,3.248400,3.251100,3.250300,3.251200,3.251200,0.006500,52.026001,0.000000,0.000000,28.069290,28.050400,28.121231,0.070831
2:6:5:0230,03.250600,3.250100,3.254800,3.250600,3.251500,3.250400,3.252500,3.252800,3.249600,3.251000,3.252200,3.248400,3.251400,3.250500,3.251200,3.251700,0.006400,52.027000,0.000000,0.000000,28.059814,28.045654,28.121231,0.075577
2:6:5:2320,03.250600,3.250200,3.254900,3.250700,3.251400,3.250900,3.252100,3.252600,3.249800,3.251000,3.252200,3.248400,3.251200,3.250500,3.250900,3.251400,0.006500,52.028000,0.000000,0.000000,28.064575,28.055115,28.121231,0.066116
2:6:5:4310,03.251000,3.250600,3.254800,3.250900,3.251500,3.250800,3.252200,3.252800,3.249600,3.251100,3.252000,3.248400,3.251400,3.250500,3.251100,3.251600,0.006400,52.029999,0.000000,0.000000,28.064575,28.055115,28.116547,0.061432
2:6:5:6210,03.250800,3.250500,3.254800,3.250900,3.251300,3.250600,3.252400,3.252900,3.249800,3.251100,3.252200,3.248500,3.251300,3.250600,3.251500,3.251500,0.006300,52.030998,0.000000,0.000000,28.069290,28.055115,28.111847,0.056732
2:6:5:8300,03.251300,3.250600,3.254900,3.251200,3.251500,3.250900,3.252500,3.252800,3.249800,3.251300,3.252300,3.248700,3.251300,3.251100,3.251300,3.251600,0.006200,52.032001,0.000000,0.000000,28.069290,28.059814,28.121231,0.061417
2:6:6:0420,03.251000,3.250600,3.255000,3.250900,3.251500,3.251000,3.252400,3.252600,3.249800,3.251300,3.252200,3.248400,3.251400,3.250600,3.251300,3.251900,0.006600,52.033001,0.000000,0.000000,28.059814,28.055115,28.121231,0.066116
2:6:6:2730,03.251700,3.251000,3.255300,3.251200,3.251900,3.251400,3.253000,3.253400,3.249900,3.251300,3.252500,3.249200,3.251600,3.251200,3.251700,3.251600,0.006100,52.035000,0.000000,0.000000,28.059814,28.055115,28.111847,0.056732
2:6:6:4580,03.251200,3.250300,3.255100,3.251400,3.252000,3.251600,3.253200,3.253500,3.250300,3.252000,3.252900,3.249100,3.252000,3.251600,3.252000,3.252200,0.006000,52.035999,0.000000,0.000000,28.064575,28.055115,28.116547,0.061432
2:6:6:6650,03.251500,3.250700,3.255400,3.251600,3.251900,3.251400,3.252900,3.253200,3.250400,3.251600,3.252900,3.249000,3.251800,3.251000,3.251900,3.252000,0.006400,52.036999,0.000000,0.000000,28.069290,28.059814,28.121231,0.061417
2:6:6:8730,03.251900,3.251400,3.255100,3.251500,3.252000,3.251600,3.253000,3.253400,3.250200,3.251900,3.252700,3.249100,3.251700,3.251200,3.251600,3.252300,0.006000,52.039001,0.000000,0.000000,28.055115,28.055115,28.111847,0.056732
2:6:7:0530,03.251400,3.251400,3.255600,3.251600,3.252100,3.251600,3.252900,3.253300,3.250300,3.252000,3.252700,3.249100,3.251800,3.251000,3.252000,3.252100,0.006500,52.039001,0.000000,0.000000,28.064575,28.055115,28.121231,0.066116
2:6:7:2360,03.251800,3.251400,3.255300,3.251800,3.252200,3.251400,3.253200,3.253500,3.250600,3.251900,3.252900,3.249200,3.252200,3.251200,3.251900,3.252200,0.006100,52.040001,0.000000,0.000000,28.069290,28.055115,28.121231,0.066116
2:6:7:4220,03.252000,3.251600,3.255500,3.251900,3.252300,3.251700,3.253200,3.253400,3.250500,3.252000,3.252900,3.249200,3.252000,3.251200,3.252000,3.252200,0.006300,52.041000,0.000000,0.000000,28.069290,28.059814,28.121231,0.061417
2:6:7:6240,03.251600,3.251000,3.255000,3.251500,3.251800,3.251300,3.252700,3.253400,3.250000,3.251600,3.252500,3.248900,3.252000,3.250900,3.251500,3.252100,0.006100,52.042999,0.000000,0.000000,28.064575,28.055115,28.121231,0.066116
2:6:7:8350,03.251400,3.251200,3.255400,3.251700,3.252100,3.251900,3.253100,3.253600,3.250800,3.252000,3.253000,3.249300,3.252000,3.251500,3.251800,3.252400,0.006100,52.043999,0.000000,0.000000,28.069290,28.050400,28.125992,0.075592
2:6:8:0430,03.252000,3.251700,3.255900,3.252100,3.252200,3.251600,3.253400,3.253700,3.250700,3.251900,3.253300,3.249700,3.252400,3.251400,3.252100,3.252600,0.006200,52.044998,0.000000,0.000000,28.059814,28.050400,28.130722,0.080322
2:6:8:2560,03.251800,3.251100,3.255800,3.251800,3.252200,3.251800,3.253000,3.254000,3.250700,3.252100,3.253100,3.249400,3.252200,3.251200,3.252000,3.252700,0.006400,52.046001,0.000000,0.000000,28.069290,28.055115,28.121231,0.066116
2:6:8:4480,03.251600,3.251000,3.255900,3.252000,3.252700,3.251700,3.253600,3.253800,3.250700,3.252200,3.253100,3.249800,3.252400,3.251800,3.252300,3.252800,0.006100,52.047001,0.000000,0.000000,28.064575,28.055115,28.111847,0.056732
2:6:8:6660,03.252400,3.252000,3.256000,3.252300,3.252400,3.252000,3.253400,3.254000,3.250900,3.252000,3.253300,3.249800,3.252600,3.251600,3.252400,3.252600,0.006200,52.048000,0.000000,0.000000,28.059814,28.050400,28.130722,0.080322
2:6:8:8680,03.252100,3.251100,3.255600,3.251800,3.252200,3.252100,3.253300,3.253600,3.250800,3.252000,3.253200,3.249500,3.252100,3.251600,3.252000,3.252700,0.006100,52.049000,0.000000,0.000000,28.069290,28.055115,28.121231,0.066116
2:6:9:0680,03.252400,3.251700,3.256000,3.252700,3.252600,3.252200,3.253400,3.253900,3.251000,3.252200,3.253400,3.249800,3.252600,3.251900,3.252300,3.252700,0.006200,52.049999,0.000000,0.000000,28.069290,28.059814,28.121231,0.061417
2:6:9:2530,03.252000,3.251700,3.255700,3.252000,3.252800,3.252000,3.253600,3.254000,3.251000,3.252300,3.253400,3.249600,3.252600,3.251500,3.252400,3.252900,0.006100,52.050999,0.000000,0.000000,28.069290,28.059814,28.121231,0.061417
2:6:9:4610,03.252400,3.252100,3.256000,3.252400,3.252600,3.252000,3.253900,3.254300,3.251000,3.252500,3.253300,3.249800,3.252800,3.251700,3.252800,3.252900,0.006200,52.051998,0.000000,0.000000,28.069290,28.059814,28.125992,0.066177
2:6:9:6690,03.252200,3.252000,3.256000,3.252700,3.252600,3.252100,3.253600,3.254200,3.251100,3.252400,3.253800,3.250100,3.252700,3.251900,3.252600,3.252900,0.005900,52.053001,0.000000,0.000000,28.069290,28.059814,28.125992,0.066177
2:6:9:8700,03.252400,3.252000,3.256000,3.252400,3.252700,3.252300,3.253600,3.254400,3.251000,3.252500,3.253400,3.250000,3.252600,3.252000,3.252400,3.253100,0.006000,52.054001,0.000000,0.000000,28.069290,28.055115,28.125992,0.070877
2:6:10:0680,03.252300,3.251800,3.256600,3.252900,3.253000,3.252600,3.254000,3.254400,3.251600,3.252900,3.254000,3.250400,3.252800,3.252100,3.253200,3.253100,0.006200,52.055000,0.000000,0.000000,28.074020,28.064575,28.121231,0.056656
2:6:10:2680,03.252700,3.251800,3.256300,3.252800,3.253000,3.252200,3.254000,3.254400,3.251200,3.252700,3.254000,3.250000,3.252700,3.252100,3.252700,3.253200,0.006300,52.056000,0.000000,0.000000,28.074020,28.055115,28.130722,0.075607
2:6:10:4770,03.252200,3.252400,3.256800,3.252700,3.252900,3.252500,3.254100,3.254400,3.251600,3.253000,3.254100,3.250400,3.253100,3.252000,3.253100,3.253200,0.006400,52.056999,0.000000,0.000000,28.074020,28.059814,28.130722,0.070908
2:6:10:6610,03.253100,3.252400,3.256800,3.252900,3.253500,3.252700,3.254300,3.254900,3.251600,3.253000,3.253900,3.250400,3.253200,3.252200,3.253100,3.253400,0.006400,52.056999,0.000000,0.000000,28.074020,28.059814,28.125992,0.066177
2:6:10:8750,03.252600,3.252300,3.256800,3.252900,3.253300,3.252800,3.254000,3.254800,3.251700,3.253000,3.253800,3.250400,3.253100,3.252400,3.253000,3.253400,0.006400,52.057999,0.000000,0.000000,28.074020,28.064575,28.130722,0.066147
2:6:11:0770,03.253000,3.252500,3.256700,3.253200,3.253400,3.252700,3.254000,3.254600,3.251800,3.253000,3.253800,3.250300,3.252900,3.252200,3.253300,3.253300,0.006400,52.060001,0.000000,0.000000,28.074020,28.059814,28.125992,0.066177
2:6:11:3040,03.252600,3.252400,3.256800,3.253100,3.253200,3.253000,3.254200,3.254700,3.251700,3.253200,3.254200,3.250500,3.253200,3.252200,3.253200,3.253600,0.006300,52.061001,0.000000,0.000000,28.059814,28.064575,28.130722,0.070908
2:6:11:4850,03.252700,3.252600,3.256600,3.253200,3.253300,3.252600,3.254200,3.254600,3.251700,3.253300,3.254000,3.250600,3.253400,3.252500,3.253200,3.253600,0.006000,52.062000,0.000000,0.000000,28.074020,28.069290,28.130722,0.061432
2:6:11:7020,03.253300,3.252800,3.256900,3.253200,3.253600,3.253200,3.254600,3.254900,3.252000,3.253200,3.254400,3.251000,3.253500,3.252700,3.253400,3.254100,0.005900,52.062000,0.000000,0.000000,28.074020,28.064575,28.130722,0.066147
2:6:11:9150,03.253800,3.252900,3.257200,3.253400,3.253800,3.253400,3.254600,3.255200,3.251900,3.253400,3.254200,3.251000,3.253500,3.252800,3.253400,3.253900,0.006200,52.063000,0.000000,0.000000,28.069290,28.064575,28.130722,0.066147
2:6:12:1300,03.253600,3.252800,3.257000,3.253100,3.253300,3.252800,3.254400,3.254600,3.251600,3.253100,3.254100,3.250600,3.253300,3.252400,3.253200,3.253400,0.006400,52.063999,0.000000,0.000000,28.074020,28.055115,28.125992,0.070877
2:6:12:3380,03.253800,3.253000,3.257100,3.253400,3.253900,3.253100,3.254700,3.255000,3.251800,3.253600,3.254500,3.250700,3.253500,3.252900,3.253700,3.253800,0.006400,52.064999,0.000000,0.000000,28.078720,28.064575,28.130722,0.066147
2:6:12:5610,03.253200,3.252600,3.257200,3.253200,3.253800,3.253300,3.254700,3.255300,3.252100,3.253300,3.254500,3.250900,3.253700,3.252900,3.253400,3.253600,0.006300,52.066002,0.000000,0.000000,28.074020,28.064575,28.130722,0.066147
2:6:12:7590,03.252800,3.252300,3.256900,3.253400,3.253500,3.253400,3.254500,3.254800,3.252000,3.253600,3.254400,3.250800,3.253500,3.252700,3.253500,3.253600,0.006100,52.067001,0.000000,0.000000,28.069290,28.069290,28.130722,0.061432
2:6:12:9700,03.252700,3.252500,3.257000,3.253300,3.253800,3.252900,3.254600,3.255100,3.252100,3.253200,3.254400,3.250700,3.253600,3.252700,3.253800,3.254000,0.006300,52.068001,0.000000,0.000000,28.074020,28.064575,28.130722,0.066147
2:6:13:1480,03.253400,3.252900,3.257200,3.253600,3.253800,3.253500,3.254800,3.255400,3.252400,3.253600,3.254600,3.251000,3.253800,3.253200,3.253700,3.253900,0.006200,52.069000,0.000000,0.000000,28.078720,28.064575,28.130722,0.066147
2:6:13:3530,03.254000,3.253500,3.257500,3.253800,3.254200,3.253700,3.255400,3.255500,3.252200,3.253900,3.254800,3.251600,3.254100,3.253500,3.253800,3.254400,0.005900,52.070000,0.000000,0.000000,28.074020,28.064575,28.140182,0.075607
2:6:13:5780,03.253900,3.253300,3.257300,3.253800,3.254200,3.253400,3.255200,3.255400,3.252300,3.253900,3.254400,3.251300,3.253900,3.253000,3.253900,3.254300,0.006000,52.070999,0.000000,0.000000,28.074020,28.069290,28.144897,0.075607
2:6:13:7890,03.254100,3.253600,3.257700,3.253800,3.254300,3.253600,3.255200,3.255800,3.252800,3.254200,3.255000,3.251400,3.254200,3.253300,3.254000,3.254600,0.006300,52.071999,0.000000,0.000000,28.074020,28.069290,28.130722,0.061432
2:6:13:9900,03.253600,3.253200,3.257400,3.253400,3.254400,3.253600,3.255000,3.255500,3.252500,3.253800,3.254900,3.251400,3.254100,3.253200,3.254000,3.254400,0.006000,52.073002,0.000000,0.000000,28.074020,28.074020,28.135437,0.061417
2:6:14:1990,03.254000,3.253400,3.257500,3.254000,3.254400,3.253600,3.255200,3.255800,3.252400,3.254000,3.254900,3.251500,3.254100,3.253400,3.254000,3.254400,0.006000,52.074001,0.000000,0.000000,28.083466,28.064575,28.130722,0.066147
2:6:14:4020,03.253900,3.253700,3.257800,3.254400,3.254400,3.253700,3.255200,3.255600,3.252800,3.254300,3.255000,3.251400,3.254200,3.253500,3.254200,3.254400,0.006400,52.075001,0.000000,0.000000,28.074020,28.069290,28.130722,0.061432
2:6:14:6190,03.253400,3.253600,3.258000,3.253600,3.254200,3.253600,3.255200,3.255800,3.252700,3.254000,3.255100,3.251200,3.254200,3.253500,3.254000,3.254600,0.006800,52.075001,0.000000,0.000000,28.083466,28.069290,28.140182,0.070892
2:6:14:8130,03.253900,3.253200,3.257700,3.254000,3.254200,3.253700,3.255300,3.255800,3.252600,3.253900,3.254900,3.251500,3.254000,3.253600,3.254400,3.254600,0.006200,52.076000,0.000000,0.000000,28.069290,28.064575,28.140182,0.075607
2:6:15:0080,03.254200,3.253600,3.257900,3.254200,3.254400,3.253800,3.255400,3.255700,3.252800,3.254300,3.255000,3.251600,3.254100,3.253600,3.254100,3.254400,0.006300,52.077000,0.000000,0.000000,28.074020,28.064575,28.135437,0.070862
2:6:15:1910,03.253500,3.253500,3.257900,3.253700,3.254200,3.253800,3.255300,3.256000,3.252400,3.254100,3.254800,3.251500,3.254000,3.253400,3.254200,3.254600,0.006400,52.077999,0.000000,0.000000,28.083466,28.074020,28.135437,0.061417
2:6:15:3830,03.254400,3.253700,3.258100,3.254200,3.254500,3.253700,3.255400,3.255900,3.253000,3.254000,3.255200,3.252000,3.254600,3.253400,3.254300,3.255000,0.006100,52.077999,0.000000,0.000000,28.074020,28.069290,28.140182,0.070892
2:6:15:5800,03.254300,3.253800,3.258000,3.254100,3.254500,3.253800,3.255400,3.255900,3.252800,3.254200,3.255200,3.251600,3.254200,3.253500,3.254300,3.254400,0.006400,52.078999,0.000000,0.000000,28.078720,28.074020,28.140182,0.066162
2:6:15:7830,03.254200,3.253900,3.257800,3.254400,3.254300,3.254100,3.255400,3.256100,3.253000,3.254400,3.255500,3.251800,3.254600,3.253800,3.254600,3.254800,0.006000,52.080002,0.000000,0.000000,28.074020,28.064575,28.140182,0.075607
2:6:15:9860,03.254400,3.253600,3.258200,3.254300,3.254400,3.253800,3.255600,3.255900,3.253000,3.254200,3.255200,3.251500,3.254500,3.253800,3.254300,3.254500,0.006700,52.081001,0.000000,0.000000,28.078720,28.064575,28.135437,0.070862
2:6:16:1900,03.254000,3.254000,3.258000,3.254600,3.255000,3.254400,3.255700,3.256300,3.253200,3.254600,3.255400,3.252000,3.254700,3.253900,3.254600,3.255000,0.006000,52.082001,0.000000,0.000000,28.074020,28.064575,28.135437,0.070862
2:6:16:3900,03.254700,3.253900,3.258100,3.254300,3.254700,3.254000,3.255700,3.256300,3.252900,3.254400,3.255400,3.252000,3.254400,3.254000,3.254600,3.254800,0.006100,52.083000,0.000000,0.000000,28.083466,28.069290,28.135437,0.066147
2:6:16:5960,03.254800,3.254400,3.258600,3.254800,3.255100,3.254600,3.256000,3.256400,3.253500,3.254900,3.255900,3.252100,3.254800,3.254200,3.255000,3.255000,0.006500,52.084000,0.000000,0.000000,28.074020,28.074020,28.144897,0.070877
2:6:16:8030,03.254400,3.254400,3.258000,3.254600,3.254900,3.254400,3.255800,3.256400,3.253400,3.254400,3.255500,3.252000,3.254600,3.254100,3.254600,3.255000,0.006000,52.084000,0.000000,0.000000,28.078720,28.064575,28.140182,0.075607
2:6:17:0110,03.253800,3.253100,3.257800,3.254000,3.254800,3.254200,3.255600,3.256200,3.253100,3.254400,3.255500,3.252000,3.254500,3.254000,3.254800,3.254900,0.005800,52.084999,0.000000,0.000000,28.078720,28.074020,28.140182,0.066162
2:6:17:1990,03.254500,3.254200,3.258600,3.254900,3.254800,3.254500,3.255700,3.256200,3.253600,3.254600,3.255600,3.252200,3.254600,3.254200,3.254900,3.254900,0.006400,52.085999,0.000000,0.000000,28.074020,28.069290,28.135437,0.066147
2:6:17:3770,03.255000,3.254700,3.258300,3.254900,3.255100,3.254500,3.256100,3.256600,3.253500,3.254800,3.256000,3.252300,3.254800,3.254300,3.254800,3.255200,0.006000,52.085999,0.000000,0.000000,28.078720,28.074020,28.144897,0.070877
2:6:17:6010,03.254900,3.254600,3.258200,3.254800,3.255200,3.254500,3.256000,3.256300,3.253300,3.254600,3.255800,3.252200,3.255000,3.254300,3.255000,3.255000,0.006000,52.087002,0.000000,0.000000,28.078720,28.069290,28.144897,0.075607
2:6:17:7860,03.255000,3.253900,3.257800,3.254400,3.255000,3.254500,3.256100,3.256300,3.253200,3.254400,3.255400,3.252000,3.254800,3.253900,3.254600,3.255000,0.005800,52.088001,0.000000,0.000000,28.074020,28.064575,28.130722,0.066147
2:6:17:9820,03.254400,3.254300,3.258100,3.254600,3.255000,3.254200,3.255800,3.256400,3.253500,3.254500,3.255600,3.252100,3.254900,3.254000,3.255000,3.255200,0.006000,52.089001,0.000000,0.000000,28.078720,28.074020,28.144897,0.070877
2:6:18:1820,03.254800,3.254300,3.258800,3.255000,3.255000,3.254400,3.256200,3.257000,3.253600,3.255000,3.256000,3.252400,3.255100,3.254100,3.255000,3.255200,0.006400,52.089001,0.000000,0.000000,28.078720,28.074020,28.140182,0.066162
2:6:18:3780,03.254200,3.254000,3.258700,3.254700,3.255000,3.254600,3.255900,3.256400,3.253400,3.254900,3.255700,3.252300,3.254800,3.254200,3.254800,3.255200,0.006400,52.090000,0.000000,0.000000,28.083466,28.078720,28.140182,0.061462
2:6:18:6050,03.254800,3.254500,3.258400,3.254800,3.255000,3.254400,3.256000,3.256400,3.253400,3.254900,3.255900,3.252300,3.255000,3.254200,3.254900,3.255400,0.006100,52.091000,0.000000,0.000000,28.088165,28.078720,28.140182,0.061462
2:6:18:7820,03.255300,3.254500,3.258700,3.255100,3.255600,3.254900,3.256400,3.256900,3.253600,3.255000,3.256100,3.252800,3.255200,3.254800,3.255200,3.255400,0.005900,52.091000,0.000000,0.000000,28.078720,28.074020,28.144897,0.070877
2:6:18:9950,03.254400,3.254500,3.258800,3.255100,3.255400,3.254800,3.256200,3.256900,3.253600,3.254900,3.256100,3.252600,3.255100,3.254200,3.255200,3.255400,0.006200,52.091999,0.000000,0.000000,28.083466,28.074020,28.140182,0.066162
2:6:19:1890,03.254700,3.254400,3.258400,3.254800,3.255300,3.254800,3.256400,3.256700,3.253800,3.255100,3.256000,3.252300,3.255200,3.254400,3.255300,3.255300,0.006100,52.092999,0.000000,0.000000,28.083466,28.069290,28.135437,0.066147
2:6:19:4370,03.255100,3.254600,3.259200,3.255200,3.255600,3.255400,3.256600,3.257000,3.254000,3.255400,3.256400,3.253000,3.255600,3.254700,3.255700,3.255800,0.006200,52.094002,0.000000,0.000000,28.092911,28.078720,28.154343,0.075623
2:6:19:6320,03.254600,3.254100,3.258500,3.254900,3.255300,3.254900,3.256200,3.256600,3.253800,3.255000,3.256000,3.252500,3.255000,3.254600,3.255100,3.255400,0.006000,52.095001,0.000000,0.000000,28.078720,28.083466,28.144897,0.066177
2:6:19:8260,03.255300,3.254900,3.259300,3.255400,3.255500,3.254900,3.256600,3.256800,3.254000,3.255300,3.256200,3.252700,3.255700,3.255000,3.255300,3.256000,0.006600,52.095001,0.000000,0.000000,28.088165,28.078720,28.149628,0.070908
2:6:20:0200,03.255400,3.255000,3.259200,3.255500,3.255600,3.254900,3.256600,3.256600,3.254100,3.255400,3.256400,3.252900,3.255400,3.254700,3.255400,3.255600,0.006300,52.096001,0.000000,0.000000,28.083466,28.074020,28.144897,0.070877
2:6:20:2140,03.255200,3.254900,3.258900,3.255400,3.255800,3.255000,3.256500,3.257000,3.253800,3.255200,3.256200,3.252600,3.255200,3.254700,3.255300,3.255700,0.006300,52.097000,0.000000,0.000000,28.088165,28.074020,28.140182,0.066162
2:6:20:3980,03.255200,3.254900,3.259200,3.255300,3.255600,3.255100,3.256600,3.257200,3.254200,3.255500,3.256600,3.252700,3.255400,3.254800,3.255400,3.255700,0.006500,52.097000,0.000000,0.000000,28.083466,28.074020,28.144897,0.070877
2:6:20:5930,03.254800,3.254900,3.259100,3.255400,3.255700,3.255200,3.256500,3.256900,3.254000,3.255300,3.256100,3.252700,3.255400,3.254900,3.255400,3.255700,0.006400,52.097000,0.000000,0.000000,28.083466,28.074020,28.149628,0.075607
2:6:21:1640,03.255400,3.255200,3.259200,3.255700,3.256000,3.255200,3.256800,3.257200,3.254400,3.255600,3.256800,3.253100,3.255800,3.255000,3.255900,3.256300,0.006100,52.098000,0.000000,0.000000,28.088165,28.074020,28.140182,0.066162
2:6:21:4770,03.255000,3.254500,3.258900,3.255200,3.256200,3.255300,3.256900,3.257000,3.254200,3.255500,3.256600,3.253200,3.255700,3.254900,3.255800,3.256100,0.005700,52.099998,0.071000,0.000000,28.083466,28.074020,28.144897,0.070877
2:6:21:7160,03.323300,3.324000,3.325400,3.324000,3.324000,3.325400,3.324800,3.324900,3.322700,3.323300,3.324400,3.324600,3.324100,3.324500,3.324700,3.322800,0.002700,53.477001,145.996994,0.009000,28.088165,28.074020,28.144897,0.070877
2:6:21:9550,03.327500,3.328900,3.330300,3.329000,3.329000,3.330200,3.329400,3.329600,3.327200,3.328200,3.329200,3.329600,3.328600,3.329300,3.329600,3.328000,0.003100,53.576000,145.996994,0.017000,28.088165,28.078720,28.140182,0.061462
2:6:22:2230,03.332000,3.332300,3.333500,3.332800,3.332700,3.333900,3.333200,3.333400,3.331100,3.331800,3.332600,3.333400,3.332300,3.333000,3.333500,3.331500,0.002800,53.620998,145.996994,0.030000,28.088165,28.074020,28.144897,0.070877
2:6:22:4640,03.334300,3.335300,3.336300,3.335600,3.335300,3.336400,3.335900,3.335800,3.333700,3.334500,3.335000,3.336200,3.334800,3.335700,3.335900,3.334100,0.002700,53.675999,145.996994,0.038000,28.088165,28.078720,28.149628,0.070908
2:6:22:7150,03.337400,3.337800,3.338300,3.338300,3.337800,3.338800,3.338500,3.338600,3.336300,3.337000,3.337400,3.338900,3.337200,3.338200,3.338600,3.336700,0.002600,53.706001,145.996994,0.050000,28.088165,28.078720,28.149628,0.070908
2:6:23:0960,03.340800,3.341000,3.341800,3.341800,3.341300,3.342800,3.341900,3.341600,3.339600,3.340400,3.340900,3.342600,3.340500,3.341900,3.342100,3.340100,0.003200,53.734001,145.996994,0.058000,28.083466,28.083466,28.140182,0.056717
2:6:23:3460,03.342600,3.343000,3.343600,3.343600,3.343100,3.344700,3.343600,3.343700,3.341800,3.342400,3.343000,3.344600,3.342600,3.343800,3.343900,3.342000,0.002900,53.771000,145.996994,0.066000,28.083466,28.074020,28.144897,0.070877
2:6:23:6130,03.344400,3.345100,3.345400,3.345600,3.345300,3.346100,3.345800,3.345600,3.343800,3.344100,3.344600,3.346400,3.344200,3.345800,3.345700,3.344000,0.002600,53.805000,145.996994,0.078000,28.092911,28.078720,28.144897,0.066177
2:6:23:8950,03.346300,3.347000,3.347600,3.347900,3.347300,3.348300,3.347700,3.347400,3.345900,3.346200,3.346500,3.348600,3.346400,3.347600,3.347700,3.346000,0.002700,53.827000,145.996002,0.090000,28.088165,28.083466,28.149628,0.066162
2:6:24:1340,03.347900,3.348200,3.349000,3.349000,3.348400,3.349600,3.349000,3.348700,3.347200,3.347600,3.348000,3.349900,3.347400,3.348800,3.349400,3.347300,0.002700,53.856998,145.996002,0.098000,28.092911,28.078720,28.144897,0.066177
2:6:24:3810,03.349200,3.349800,3.350200,3.350700,3.349900,3.351100,3.350200,3.350200,3.348800,3.349200,3.349500,3.351500,3.349100,3.350300,3.350700,3.348800,0.002700,53.875000,145.996002,0.111000,28.083466,28.074020,28.144897,0.070877
2:6:24:6200,03.351400,3.351600,3.351600,3.352100,3.351300,3.352700,3.351800,3.351600,3.350100,3.350100,3.350600,3.352900,3.350300,3.351500,3.352100,3.350000,0.002900,53.901001,145.996002,0.119000,28.092911,28.078720,28.149628,0.070908
2:6:24:8350,03.352400,3.352800,3.352500,3.353200,3.352300,3.353800,3.352700,3.352900,3.351400,3.351500,3.351900,3.354400,3.351600,3.353300,3.353100,3.351200,0.003200,53.919998,145.996002,0.131000,28.092911,28.083466,28.149628,0.066162
2:6:25:0820,03.352800,3.354000,3.353600,3.354400,3.353300,3.354700,3.353700,3.353800,3.352500,3.352600,3.352800,3.355500,3.352500,3.354100,3.354100,3.352200,0.003300,53.935001,145.996002,0.139000,28.102356,28.083466,28.154343,0.070877
2:6:25:3230,03.354200,3.354900,3.354900,3.355800,3.354900,3.356200,3.355400,3.355300,3.353700,3.354000,3.354200,3.356700,3.353900,3.355400,3.355500,3.353600,0.003100,53.959999,145.996002,0.147000,28.092911,28.083466,28.149628,0.066162
2:6:25:5720,03.355400,3.356400,3.356300,3.356900,3.355400,3.357000,3.356300,3.355800,3.354700,3.354800,3.355200,3.357600,3.354500,3.356400,3.356400,3.354400,0.003200,53.977001,145.996002,0.159000,28.083466,28.083466,28.149628,0.066162
2:6:25:8190,03.357400,3.358000,3.357200,3.358100,3.357000,3.358200,3.357600,3.357200,3.355800,3.356200,3.356300,3.359000,3.356000,3.357500,3.357800,3.355900,0.003200,53.998001,145.996002,0.167000,28.083466,28.078720,28.140182,0.061462
2:6:26:1060,03.358200,3.358500,3.358300,3.359300,3.358100,3.359600,3.358700,3.358500,3.357300,3.357400,3.357400,3.360200,3.357400,3.358800,3.359000,3.356900,0.003300,54.012001,145.996994,0.180000,28.088165,28.083466,28.154343,0.070877
2:6:26:3320,03.359000,3.359400,3.359000,3.360200,3.359300,3.360500,3.359800,3.359400,3.358200,3.358400,3.358600,3.361500,3.358200,3.360000,3.360100,3.357900,0.003600,54.032001,145.996994,0.188000,28.088165,28.092911,28.154343,0.066177
2:6:26:5880,03.360300,3.360600,3.360300,3.361700,3.360400,3.361600,3.360800,3.360900,3.359400,3.359500,3.359900,3.363000,3.359400,3.361200,3.361100,3.359400,0.003600,54.046001,145.996994,0.200000,28.092911,28.092911,28.159088,0.066177
2:6:26:8330,03.361400,3.361600,3.361400,3.362700,3.361400,3.362600,3.361800,3.361400,3.360200,3.360600,3.360400,3.363500,3.360100,3.362000,3.362200,3.360000,0.003500,54.066002,145.996994,0.208000,28.092911,28.083466,28.144897,0.061432
2:6:27:0460,03.361700,3.362000,3.362200,3.363500,3.362700,3.363700,3.362800,3.362500,3.361300,3.361500,3.361400,3.364400,3.361000,3.362800,3.363100,3.361000,0.003400,54.078999,145.996994,0.220000,28.092911,28.083466,28.154343,0.070877
2:6:27:2760,03.363600,3.363700,3.363000,3.364800,3.363200,3.364500,3.363900,3.363400,3.362400,3.362500,3.362800,3.365500,3.362300,3.364000,3.364300,3.362400,0.003200,54.091999,145.996994,0.228000,28.083466,28.083466,28.149628,0.066162
2:6:27:5170,03.364200,3.364400,3.364200,3.365600,3.363900,3.365100,3.364500,3.364200,3.363100,3.363200,3.363100,3.366500,3.363100,3.364400,3.365000,3.363000,0.003500,54.111000,145.996994,0.236000,28.088165,28.088165,28.149628,0.061462
2:6:27:7670,03.364600,3.365200,3.364800,3.366200,3.364900,3.366000,3.365400,3.365200,3.364200,3.364100,3.364400,3.367300,3.363900,3.365500,3.365800,3.363800,0.003500,54.122002,145.996994,0.249000,28.088165,28.088165,28.149628,0.061462
2:6:28:0080,03.366100,3.366400,3.365700,3.367200,3.365900,3.367000,3.366200,3.366000,3.364900,3.364800,3.364900,3.368200,3.364700,3.366200,3.366600,3.364800,0.003500,54.139999,145.996994,0.257000,28.083466,28.083466,28.159088,0.075623
2:6:28:2770,03.367000,3.367200,3.366900,3.368000,3.366600,3.367700,3.367200,3.366700,3.365800,3.365600,3.366000,3.369400,3.365500,3.367200,3.367200,3.366100,0.003900,54.151001,145.996994,0.269000,28.102356,28.088165,28.149628,0.061462
2:6:28:5180,03.367400,3.368300,3.367600,3.369100,3.367600,3.368800,3.367900,3.367800,3.366800,3.366900,3.366900,3.370100,3.366600,3.368200,3.368600,3.366400,0.003700,54.169998,145.996994,0.277000,28.088165,28.083466,28.154343,0.070877
2:6:28:7400,03.368900,3.368800,3.368300,3.369900,3.368500,3.369500,3.368900,3.368400,3.367600,3.367700,3.368000,3.371200,3.367200,3.369100,3.369200,3.367400,0.004000,54.181000,145.996994,0.289000,28.083466,28.088165,28.159088,0.075623
2:6:28:9710,03.369400,3.369800,3.369100,3.370500,3.369200,3.370400,3.369400,3.369300,3.368400,3.368300,3.368200,3.371700,3.368100,3.369700,3.370000,3.367900,0.003800,54.192001,145.996994,0.297000,28.092911,28.083466,28.144897,0.061432
2:6:29:2000,03.370300,3.370900,3.369900,3.371600,3.370000,3.371300,3.370400,3.370200,3.369300,3.369200,3.369400,3.373100,3.369300,3.370700,3.371100,3.369200,0.003900,54.209999,145.996002,0.305000,28.092911,28.078720,28.144897,0.066177
2:6:29:4430,03.371000,3.371100,3.370500,3.372200,3.370800,3.372000,3.371000,3.370500,3.370000,3.369800,3.370000,3.373400,3.369700,3.371400,3.371600,3.369500,0.003900,54.220001,145.996002,0.313000,28.092911,28.083466,28.144897,0.061432
2:6:29:6840,03.372000,3.372000,3.371400,3.373000,3.371600,3.372800,3.372000,3.371600,3.370900,3.370700,3.370900,3.374300,3.370500,3.372400,3.372500,3.370600,0.003800,54.230000,145.996002,0.326000,28.088165,28.097656,28.159088,0.070923
2:6:29:9310,03.372900,3.373200,3.372300,3.373700,3.372300,3.373600,3.372800,3.372400,3.371500,3.371400,3.371600,3.375400,3.371300,3.373000,3.373200,3.371200,0.004200,54.245998,145.996002,0.334000,28.092911,28.083466,28.159088,0.075623
2:6:30:1800,03.373200,3.373800,3.372600,3.374500,3.373100,3.374200,3.373500,3.373000,3.372200,3.372200,3.372300,3.375800,3.372000,3.373400,3.373800,3.371700,0.004100,54.257000,145.996002,0.346000,28.097656,28.088165,28.149628,0.061462
2:6:30:4310,03.374600,3.375000,3.373800,3.375700,3.373700,3.374900,3.374300,3.373800,3.373200,3.373000,3.373100,3.376800,3.372800,3.374400,3.374600,3.372300,0.004500,54.275002,145.996002,0.354000,28.092911,28.083466,28.154343,0.070877
2:6:30:6990,03.375000,3.375000,3.374200,3.376100,3.374200,3.375600,3.374700,3.374200,3.373600,3.373600,3.373700,3.377400,3.373000,3.375000,3.375300,3.373200,0.004400,54.286999,145.996002,0.366000,28.088165,28.083466,28.154343,0.070877
2:6:30:9120,03.376000,3.376200,3.375600,3.377200,3.375600,3.376300,3.375800,3.375300,3.374700,3.374500,3.374600,3.378500,3.374300,3.376000,3.376100,3.374200,0.004300,54.312000,145.996002,0.374000,28.097656,28.102356,28.159088,0.061432
2:6:31:1580,03.376600,3.376900,3.375600,3.378000,3.376100,3.377100,3.376500,3.376000,3.375300,3.375100,3.375200,3.379300,3.375000,3.376800,3.377000,3.375300,0.004300,54.318001,145.996994,0.382000,28.088165,28.088165,28.154343,0.066177
2:6:31:4040,03.376700,3.376700,3.376100,3.378100,3.376300,3.377100,3.376600,3.376200,3.375600,3.375400,3.375700,3.379500,3.375200,3.377000,3.377200,3.375400,0.004300,54.332001,145.996994,0.399000,28.097656,28.083466,28.149628,0.066162
2:6:32:4950,03.302300,3.301500,3.303000,3.302900,3.301800,3.300900,3.302200,3.302100,3.300700,3.301000,3.301400,3.301000,3.300300,3.300800,3.301600,3.301900,0.002700,52.825001,0.000000,0.000000,28.097656,28.083466,28.149628,0.066162
2:6:32:6780,03.302300,3.301500,3.303000,3.302900,3.301800,3.300900,3.302200,3.302100,3.300700,3.301000,3.301400,3.301000,3.300300,3.300800,3.301600,3.301900,0.002700,52.806999,0.000000,0.000000,28.097656,28.083466,28.149628,0.066162
2:6:32:8880,03.300700,3.299700,3.301200,3.301100,3.299700,3.299000,3.300200,3.300200,3.298800,3.299200,3.299300,3.299000,3.298600,3.298400,3.299500,3.299400,0.002800,52.789001,0.000000,0.000000,28.092911,28.092911,28.159088,0.066177
2:6:33:0800,03.299400,3.299000,3.300100,3.300000,3.298900,3.298100,3.299200,3.299300,3.298100,3.298200,3.298300,3.298200,3.297600,3.297600,3.298600,3.298900,0.002500,52.775002,0.000000,0.000000,28.097656,28.092911,28.154343,0.061432
2:6:33:2800,03.298800,3.297800,3.299600,3.298800,3.298000,3.297100,3.298400,3.298300,3.296800,3.297400,3.297600,3.297000,3.296600,3.296700,3.297600,3.297900,0.003000,52.762001,0.000000,0.000000,28.097656,28.092911,28.163803,0.070892